Link title,Creation date,Original URL,Tags
DEBP ENDNOTE CHAPTER 14 #1,April 17 2024,https://htmlpreview.github.io/?https://raw.githubusercontent.com/PacktPublishing/Data-Engineering-Best-Practices/main/Endnotes/chapter-14/1.htm,pack-debp-chapter-14
DEBP ENDNOTE CHAPTER 14 #2,April 17 2024,https://htmlpreview.github.io/?https://raw.githubusercontent.com/PacktPublishing/Data-Engineering-Best-Practices/main/Endnotes/chapter-14/2.htm,pack-debp-chapter-14
DEBP ENDNOTE CHAPTER 14 #3,April 17 2024,https://htmlpreview.github.io/?https://raw.githubusercontent.com/PacktPublishing/Data-Engineering-Best-Practices/main/Endnotes/chapter-14/3.htm,pack-debp-chapter-14
DEBP ENDNOTE CHAPTER 14 #4,April 17 2024,https://htmlpreview.github.io/?https://raw.githubusercontent.com/PacktPublishing/Data-Engineering-Best-Practices/main/Endnotes/chapter-14/4.htm,pack-debp-chapter-14
DEBP ENDNOTE CHAPTER 14 #5,April 17 2024,https://htmlpreview.github.io/?https://raw.githubusercontent.com/PacktPublishing/Data-Engineering-Best-Practices/main/Endnotes/chapter-14/5.htm,pack-debp-chapter-14
DEBP ENDNOTE CHAPTER 14 #6,April 17 2024,https://htmlpreview.github.io/?https://raw.githubusercontent.com/PacktPublishing/Data-Engineering-Best-Practices/main/Endnotes/chapter-14/6.htm,pack-debp-chapter-14
DEBP ENDNOTE CHAPTER 14 #7,April 17 2024,https://htmlpreview.github.io/?https://raw.githubusercontent.com/PacktPublishing/Data-Engineering-Best-Practices/main/Endnotes/chapter-14/7.htm,pack-debp-chapter-14
DEBP ENDNOTE CHAPTER 14 #8,April 17 2024,https://htmlpreview.github.io/?https://raw.githubusercontent.com/PacktPublishing/Data-Engineering-Best-Practices/main/Endnotes/chapter-14/8.htm,pack-debp-chapter-14
DEBP ENDNOTE CHAPTER 14 #9,April 17 2024,https://htmlpreview.github.io/?https://raw.githubusercontent.com/PacktPublishing/Data-Engineering-Best-Practices/main/Endnotes/chapter-14/9.htm,pack-debp-chapter-14
DEBP ENDNOTE CHAPTER 14 #10,April 17 2024,https://htmlpreview.github.io/?https://raw.githubusercontent.com/PacktPublishing/Data-Engineering-Best-Practices/main/Endnotes/chapter-14/10.htm,pack-debp-chapter-14
DEBP ENDNOTE CHAPTER 14 #11,April 17 2024,https://htmlpreview.github.io/?https://raw.githubusercontent.com/PacktPublishing/Data-Engineering-Best-Practices/main/Endnotes/chapter-14/11.htm,pack-debp-chapter-14
DEBP ENDNOTE CHAPTER 14 #12,April 17 2024,https://htmlpreview.github.io/?https://raw.githubusercontent.com/PacktPublishing/Data-Engineering-Best-Practices/main/Endnotes/chapter-14/12.htm,pack-debp-chapter-14
DEBP ENDNOTE CHAPTER 14 #13,April 17 2024,https://htmlpreview.github.io/?https://raw.githubusercontent.com/PacktPublishing/Data-Engineering-Best-Practices/main/Endnotes/chapter-14/13.htm,pack-debp-chapter-14
DEBP ENDNOTE CHAPTER 14 #14,April 17 2024,https://htmlpreview.github.io/?https://raw.githubusercontent.com/PacktPublishing/Data-Engineering-Best-Practices/main/Endnotes/chapter-14/14.htm,pack-debp-chapter-14
DEBP ENDNOTE CHAPTER 14 #15,April 17 2024,https://htmlpreview.github.io/?https://raw.githubusercontent.com/PacktPublishing/Data-Engineering-Best-Practices/main/Endnotes/chapter-14/15.htm,pack-debp-chapter-14
DEBP ENDNOTE CHAPTER 14 #16,April 17 2024,https://htmlpreview.github.io/?https://raw.githubusercontent.com/PacktPublishing/Data-Engineering-Best-Practices/main/Endnotes/chapter-14/16.htm,pack-debp-chapter-14
DEBP ENDNOTE CHAPTER 14 #17,April 17 2024,https://htmlpreview.github.io/?https://raw.githubusercontent.com/PacktPublishing/Data-Engineering-Best-Practices/main/Endnotes/chapter-14/17.htm,pack-debp-chapter-14
DEBP ENDNOTE CHAPTER 14 #18,April 17 2024,https://htmlpreview.github.io/?https://raw.githubusercontent.com/PacktPublishing/Data-Engineering-Best-Practices/main/Endnotes/chapter-14/18.htm,pack-debp-chapter-14
DEBP ENDNOTE CHAPTER 14 #19,April 17 2024,https://htmlpreview.github.io/?https://raw.githubusercontent.com/PacktPublishing/Data-Engineering-Best-Practices/main/Endnotes/chapter-14/19.htm,pack-debp-chapter-14
DEBP ENDNOTE CHAPTER 14 #20,April 17 2024,https://htmlpreview.github.io/?https://raw.githubusercontent.com/PacktPublishing/Data-Engineering-Best-Practices/main/Endnotes/chapter-14/20.htm,pack-debp-chapter-14
DEBP ENDNOTE CHAPTER 14 #21,April 17 2024,https://htmlpreview.github.io/?https://raw.githubusercontent.com/PacktPublishing/Data-Engineering-Best-Practices/main/Endnotes/chapter-14/21.htm,pack-debp-chapter-14
DEBP ENDNOTE CHAPTER 14 #22,April 17 2024,https://htmlpreview.github.io/?https://raw.githubusercontent.com/PacktPublishing/Data-Engineering-Best-Practices/main/Endnotes/chapter-14/22.htm,pack-debp-chapter-14
DEBP ENDNOTE CHAPTER 14 #23,April 17 2024,https://htmlpreview.github.io/?https://raw.githubusercontent.com/PacktPublishing/Data-Engineering-Best-Practices/main/Endnotes/chapter-14/23.htm,pack-debp-chapter-14
DEBP ENDNOTE CHAPTER 14 #24,April 17 2024,https://htmlpreview.github.io/?https://raw.githubusercontent.com/PacktPublishing/Data-Engineering-Best-Practices/main/Endnotes/chapter-14/24.htm,pack-debp-chapter-14
DEBP ENDNOTE CHAPTER 14 #25,April 17 2024,https://htmlpreview.github.io/?https://raw.githubusercontent.com/PacktPublishing/Data-Engineering-Best-Practices/main/Endnotes/chapter-14/25.htm,pack-debp-chapter-14
DEBP ENDNOTE CHAPTER 14 #26,April 17 2024,https://htmlpreview.github.io/?https://raw.githubusercontent.com/PacktPublishing/Data-Engineering-Best-Practices/main/Endnotes/chapter-14/26.htm,pack-debp-chapter-14
DEBP ENDNOTE CHAPTER 14 #27,April 17 2024,https://htmlpreview.github.io/?https://raw.githubusercontent.com/PacktPublishing/Data-Engineering-Best-Practices/main/Endnotes/chapter-14/27.htm,pack-debp-chapter-14
DEBP ENDNOTE CHAPTER 14 #28,April 17 2024,https://htmlpreview.github.io/?https://raw.githubusercontent.com/PacktPublishing/Data-Engineering-Best-Practices/main/Endnotes/chapter-14/28.htm,pack-debp-chapter-14
DEBP ENDNOTE CHAPTER 14 #29,April 17 2024,https://htmlpreview.github.io/?https://raw.githubusercontent.com/PacktPublishing/Data-Engineering-Best-Practices/main/Endnotes/chapter-14/29.htm,pack-debp-chapter-14
DEBP ENDNOTE CHAPTER 14 #30,April 17 2024,https://htmlpreview.github.io/?https://raw.githubusercontent.com/PacktPublishing/Data-Engineering-Best-Practices/main/Endnotes/chapter-14/30.htm,pack-debp-chapter-14
DEBP ENDNOTE CHAPTER 14 #31,April 17 2024,https://htmlpreview.github.io/?https://raw.githubusercontent.com/PacktPublishing/Data-Engineering-Best-Practices/main/Endnotes/chapter-14/31.htm,pack-debp-chapter-14
DEBP ENDNOTE CHAPTER 14 #32,April 17 2024,https://htmlpreview.github.io/?https://raw.githubusercontent.com/PacktPublishing/Data-Engineering-Best-Practices/main/Endnotes/chapter-14/32.htm,pack-debp-chapter-14
DEBP ENDNOTE CHAPTER 14 #33,April 17 2024,https://htmlpreview.github.io/?https://raw.githubusercontent.com/PacktPublishing/Data-Engineering-Best-Practices/main/Endnotes/chapter-14/33.htm,pack-debp-chapter-14
DEBP ENDNOTE CHAPTER 14 #34,April 17 2024,https://htmlpreview.github.io/?https://raw.githubusercontent.com/PacktPublishing/Data-Engineering-Best-Practices/main/Endnotes/chapter-14/34.htm,pack-debp-chapter-14
DEBP ENDNOTE CHAPTER 14 #35,April 17 2024,https://htmlpreview.github.io/?https://raw.githubusercontent.com/PacktPublishing/Data-Engineering-Best-Practices/main/Endnotes/chapter-14/35.htm,pack-debp-chapter-14
DEBP ENDNOTE CHAPTER 14 #36,April 17 2024,https://htmlpreview.github.io/?https://raw.githubusercontent.com/PacktPublishing/Data-Engineering-Best-Practices/main/Endnotes/chapter-14/36.htm,pack-debp-chapter-14
DEBP ENDNOTE CHAPTER 14 #37,April 17 2024,https://htmlpreview.github.io/?https://raw.githubusercontent.com/PacktPublishing/Data-Engineering-Best-Practices/main/Endnotes/chapter-14/37.htm,pack-debp-chapter-14
DEBP ENDNOTE CHAPTER 14 #38,April 17 2024,https://htmlpreview.github.io/?https://raw.githubusercontent.com/PacktPublishing/Data-Engineering-Best-Practices/main/Endnotes/chapter-14/38.htm,pack-debp-chapter-14
DEBP ENDNOTE CHAPTER 14 #39,April 17 2024,https://htmlpreview.github.io/?https://raw.githubusercontent.com/PacktPublishing/Data-Engineering-Best-Practices/main/Endnotes/chapter-14/39.htm,pack-debp-chapter-14
DEBP ENDNOTE CHAPTER 14 #40,April 17 2024,https://htmlpreview.github.io/?https://raw.githubusercontent.com/PacktPublishing/Data-Engineering-Best-Practices/main/Endnotes/chapter-14/40.htm,pack-debp-chapter-14
DEBP ENDNOTE CHAPTER 14 #41,April 17 2024,https://htmlpreview.github.io/?https://raw.githubusercontent.com/PacktPublishing/Data-Engineering-Best-Practices/main/Endnotes/chapter-14/41.htm,pack-debp-chapter-14
DEBP ENDNOTE CHAPTER 14 #42,April 17 2024,https://htmlpreview.github.io/?https://raw.githubusercontent.com/PacktPublishing/Data-Engineering-Best-Practices/main/Endnotes/chapter-14/42.htm,pack-debp-chapter-14
DEBP ENDNOTE CHAPTER 14 #43,April 17 2024,https://htmlpreview.github.io/?https://raw.githubusercontent.com/PacktPublishing/Data-Engineering-Best-Practices/main/Endnotes/chapter-14/43.htm,pack-debp-chapter-14
DEBP ENDNOTE CHAPTER 14 #44,April 17 2024,https://htmlpreview.github.io/?https://raw.githubusercontent.com/PacktPublishing/Data-Engineering-Best-Practices/main/Endnotes/chapter-14/44.htm,pack-debp-chapter-14
DEBP ENDNOTE CHAPTER 14 #45,April 17 2024,https://htmlpreview.github.io/?https://raw.githubusercontent.com/PacktPublishing/Data-Engineering-Best-Practices/main/Endnotes/chapter-14/45.htm,pack-debp-chapter-14
DEBP ENDNOTE CHAPTER 14 #46,April 17 2024,https://htmlpreview.github.io/?https://raw.githubusercontent.com/PacktPublishing/Data-Engineering-Best-Practices/main/Endnotes/chapter-14/46.htm,pack-debp-chapter-14
DEBP ENDNOTE CHAPTER 14 #47,April 17 2024,https://htmlpreview.github.io/?https://raw.githubusercontent.com/PacktPublishing/Data-Engineering-Best-Practices/main/Endnotes/chapter-14/47.htm,pack-debp-chapter-14
DEBP ENDNOTE CHAPTER 14 #48,April 17 2024,https://htmlpreview.github.io/?https://raw.githubusercontent.com/PacktPublishing/Data-Engineering-Best-Practices/main/Endnotes/chapter-14/48.htm,pack-debp-chapter-14
DEBP ENDNOTE CHAPTER 14 #49,April 17 2024,https://htmlpreview.github.io/?https://raw.githubusercontent.com/PacktPublishing/Data-Engineering-Best-Practices/main/Endnotes/chapter-14/49.htm,pack-debp-chapter-14
DEBP ENDNOTE CHAPTER 14 #50,April 17 2024,https://htmlpreview.github.io/?https://raw.githubusercontent.com/PacktPublishing/Data-Engineering-Best-Practices/main/Endnotes/chapter-14/50.htm,pack-debp-chapter-14
DEBP ENDNOTE CHAPTER 14 #51,April 17 2024,https://htmlpreview.github.io/?https://raw.githubusercontent.com/PacktPublishing/Data-Engineering-Best-Practices/main/Endnotes/chapter-14/51.htm,pack-debp-chapter-14
DEBP ENDNOTE CHAPTER 14 #52,April 17 2024,https://htmlpreview.github.io/?https://raw.githubusercontent.com/PacktPublishing/Data-Engineering-Best-Practices/main/Endnotes/chapter-14/52.htm,pack-debp-chapter-14
DEBP ENDNOTE CHAPTER 14 #53,April 17 2024,https://htmlpreview.github.io/?https://raw.githubusercontent.com/PacktPublishing/Data-Engineering-Best-Practices/main/Endnotes/chapter-14/53.htm,pack-debp-chapter-14
DEBP ENDNOTE CHAPTER 14 #54,April 17 2024,https://htmlpreview.github.io/?https://raw.githubusercontent.com/PacktPublishing/Data-Engineering-Best-Practices/main/Endnotes/chapter-14/54.htm,pack-debp-chapter-14
DEBP ENDNOTE CHAPTER 14 #55,April 17 2024,https://htmlpreview.github.io/?https://raw.githubusercontent.com/PacktPublishing/Data-Engineering-Best-Practices/main/Endnotes/chapter-14/55.htm,pack-debp-chapter-14
DEBP ENDNOTE CHAPTER 14 #56,April 17 2024,https://htmlpreview.github.io/?https://raw.githubusercontent.com/PacktPublishing/Data-Engineering-Best-Practices/main/Endnotes/chapter-14/56.htm,pack-debp-chapter-14
DEBP ENDNOTE CHAPTER 14 #57,April 17 2024,https://htmlpreview.github.io/?https://raw.githubusercontent.com/PacktPublishing/Data-Engineering-Best-Practices/main/Endnotes/chapter-14/57.htm,pack-debp-chapter-14
DEBP ENDNOTE CHAPTER 14 #58,April 17 2024,https://htmlpreview.github.io/?https://raw.githubusercontent.com/PacktPublishing/Data-Engineering-Best-Practices/main/Endnotes/chapter-14/58.htm,pack-debp-chapter-14
DEBP ENDNOTE CHAPTER 14 #59,April 17 2024,https://htmlpreview.github.io/?https://raw.githubusercontent.com/PacktPublishing/Data-Engineering-Best-Practices/main/Endnotes/chapter-14/59.htm,pack-debp-chapter-14
DEBP ENDNOTE CHAPTER 14 #60,April 17 2024,https://htmlpreview.github.io/?https://raw.githubusercontent.com/PacktPublishing/Data-Engineering-Best-Practices/main/Endnotes/chapter-14/60.htm,pack-debp-chapter-14
DEBP ENDNOTE CHAPTER 14 #61,April 17 2024,https://htmlpreview.github.io/?https://raw.githubusercontent.com/PacktPublishing/Data-Engineering-Best-Practices/main/Endnotes/chapter-14/61.htm,pack-debp-chapter-14
DEBP ENDNOTE CHAPTER 14 #62,April 17 2024,https://htmlpreview.github.io/?https://raw.githubusercontent.com/PacktPublishing/Data-Engineering-Best-Practices/main/Endnotes/chapter-14/62.htm,pack-debp-chapter-14
DEBP ENDNOTE CHAPTER 14 #63,April 17 2024,https://htmlpreview.github.io/?https://raw.githubusercontent.com/PacktPublishing/Data-Engineering-Best-Practices/main/Endnotes/chapter-14/63.htm,pack-debp-chapter-14
DEBP ENDNOTE CHAPTER 14 #64,April 17 2024,https://htmlpreview.github.io/?https://raw.githubusercontent.com/PacktPublishing/Data-Engineering-Best-Practices/main/Endnotes/chapter-14/64.htm,pack-debp-chapter-14
DEBP ENDNOTE CHAPTER 14 #65,April 17 2024,https://htmlpreview.github.io/?https://raw.githubusercontent.com/PacktPublishing/Data-Engineering-Best-Practices/main/Endnotes/chapter-14/65.htm,pack-debp-chapter-14
DEBP ENDNOTE CHAPTER 14 #66,April 17 2024,https://htmlpreview.github.io/?https://raw.githubusercontent.com/PacktPublishing/Data-Engineering-Best-Practices/main/Endnotes/chapter-14/66.htm,pack-debp-chapter-14
DEBP ENDNOTE CHAPTER 14 #67,April 17 2024,https://htmlpreview.github.io/?https://raw.githubusercontent.com/PacktPublishing/Data-Engineering-Best-Practices/main/Endnotes/chapter-14/67.htm,pack-debp-chapter-14
DEBP ENDNOTE CHAPTER 14 #68,April 17 2024,https://htmlpreview.github.io/?https://raw.githubusercontent.com/PacktPublishing/Data-Engineering-Best-Practices/main/Endnotes/chapter-14/68.htm,pack-debp-chapter-14
DEBP ENDNOTE CHAPTER 14 #69,April 17 2024,https://htmlpreview.github.io/?https://raw.githubusercontent.com/PacktPublishing/Data-Engineering-Best-Practices/main/Endnotes/chapter-14/69.htm,pack-debp-chapter-14
DEBP ENDNOTE CHAPTER 14 #70,April 17 2024,https://htmlpreview.github.io/?https://raw.githubusercontent.com/PacktPublishing/Data-Engineering-Best-Practices/main/Endnotes/chapter-14/70.htm,pack-debp-chapter-14
DEBP ENDNOTE CHAPTER 14 #71,April 17 2024,https://htmlpreview.github.io/?https://raw.githubusercontent.com/PacktPublishing/Data-Engineering-Best-Practices/main/Endnotes/chapter-14/71.htm,pack-debp-chapter-14
DEBP ENDNOTE CHAPTER 14 #72,April 17 2024,https://htmlpreview.github.io/?https://raw.githubusercontent.com/PacktPublishing/Data-Engineering-Best-Practices/main/Endnotes/chapter-14/72.htm,pack-debp-chapter-14
DEBP ENDNOTE CHAPTER 14 #73,April 17 2024,https://htmlpreview.github.io/?https://raw.githubusercontent.com/PacktPublishing/Data-Engineering-Best-Practices/main/Endnotes/chapter-14/73.htm,pack-debp-chapter-14
DEBP ENDNOTE CHAPTER 14 #74,April 17 2024,https://htmlpreview.github.io/?https://raw.githubusercontent.com/PacktPublishing/Data-Engineering-Best-Practices/main/Endnotes/chapter-14/74.htm,pack-debp-chapter-14
DEBP ENDNOTE CHAPTER 14 #75,April 17 2024,https://htmlpreview.github.io/?https://raw.githubusercontent.com/PacktPublishing/Data-Engineering-Best-Practices/main/Endnotes/chapter-14/75.htm,pack-debp-chapter-14
DEBP ENDNOTE CHAPTER 14 #76,April 17 2024,https://htmlpreview.github.io/?https://raw.githubusercontent.com/PacktPublishing/Data-Engineering-Best-Practices/main/Endnotes/chapter-14/76.htm,pack-debp-chapter-14
DEBP ENDNOTE CHAPTER 14 #77,April 17 2024,https://htmlpreview.github.io/?https://raw.githubusercontent.com/PacktPublishing/Data-Engineering-Best-Practices/main/Endnotes/chapter-14/77.htm,pack-debp-chapter-14
