Link title,Creation date,Original URL,Tags,Short URL
DEBP ENDNOTE ARTICLE 2 #1,November 19 2024,https://htmlpreview.github.io/?https://raw.githubusercontent.com/PacktPublishing/Data-Engineering-Best-Practices/main/Endnotes/article-2/1.htm,pack-debp-article-2,https://packt-debp.link/e7dpr9
DEBP ENDNOTE ARTICLE 2 #2,November 19 2024,https://htmlpreview.github.io/?https://raw.githubusercontent.com/PacktPublishing/Data-Engineering-Best-Practices/main/Endnotes/article-2/2.htm,pack-debp-article-2,https://packt-debp.link/evapwc
DEBP ENDNOTE ARTICLE 2 #3,November 19 2024,https://htmlpreview.github.io/?https://raw.githubusercontent.com/PacktPublishing/Data-Engineering-Best-Practices/main/Endnotes/article-2/3.htm,pack-debp-article-2,https://packt-debp.link/2b5qpr
DEBP ENDNOTE ARTICLE 2 #4,November 19 2024,https://htmlpreview.github.io/?https://raw.githubusercontent.com/PacktPublishing/Data-Engineering-Best-Practices/main/Endnotes/article-2/4.htm,pack-debp-article-2,https://packt-debp.link/higrru
DEBP ENDNOTE ARTICLE 2 #5,November 19 2024,https://htmlpreview.github.io/?https://raw.githubusercontent.com/PacktPublishing/Data-Engineering-Best-Practices/main/Endnotes/article-2/5.htm,pack-debp-article-2,https://packt-debp.link/xghpuh
DEBP ENDNOTE ARTICLE 2 #6,November 19 2024,https://htmlpreview.github.io/?https://raw.githubusercontent.com/PacktPublishing/Data-Engineering-Best-Practices/main/Endnotes/article-2/6.htm,pack-debp-article-2,https://packt-debp.link/jgsw3f
DEBP ENDNOTE ARTICLE 2 #7,November 19 2024,https://htmlpreview.github.io/?https://raw.githubusercontent.com/PacktPublishing/Data-Engineering-Best-Practices/main/Endnotes/article-2/7.htm,pack-debp-article-2,https://packt-debp.link/oi5f4d
DEBP ENDNOTE ARTICLE 2 #8,November 19 2024,https://htmlpreview.github.io/?https://raw.githubusercontent.com/PacktPublishing/Data-Engineering-Best-Practices/main/Endnotes/article-2/8.htm,pack-debp-article-2,https://packt-debp.link/epmzse
DEBP ENDNOTE ARTICLE 2 #9,November 19 2024,https://htmlpreview.github.io/?https://raw.githubusercontent.com/PacktPublishing/Data-Engineering-Best-Practices/main/Endnotes/article-2/9.htm,pack-debp-article-2,https://packt-debp.link/1nmtu0
